"order_id","date","game_id","player_id"
"jmyxx69819","2015-10-27 18:15:28",38697,10720
"cbete19616","2007-10-20 16:03:43",34466,10720
"hhiur91832","2008-03-10 07:52:12",39206,10720
"wlxoc49383","2019-09-07 22:23:11",39917,10720
"oamvl97882","1995-10-01 07:25:08",32551,10720
"odmyc45680","1995-05-01 07:00:37",32131,16576
"ggcpz40621","1987-12-29 00:55:00",31088,17176
"cxqgj89962","1970-09-27 12:09:32",39206,19466
"lacry64098","1990-11-11 12:40:08",39206,15240
"bqrdq59492","1997-01-16 08:15:55",39917,16576
"igsav63181","1980-06-14 07:08:42",32131,15874
"grsav85933","1979-06-30 13:48:07",34466,16576
"epdih16108","1993-05-02 05:00:08",37132,15240
"zqnnf65774","2013-01-25 07:19:48",32131,17388
"bmpvu22672","1970-07-25 00:25:50",39206,14416
"wapfi89352","1997-02-05 04:25:20",31088,11182
"rtwbm50865","2016-06-02 15:10:59",38195,17388
"rmnsn62148","1975-02-11 21:13:01",39917,17802
"bfgvk67168","2000-08-20 00:21:04",38697,13896
"awgzg47766","1994-03-16 20:55:01",38195,12486
